Data,VALE3
2000-01-31,1.4713960886001587
2000-02-29,1.2506862878799438
2000-03-31,1.2261629104614258
2000-04-30,1.2261629104614258
2000-05-31,1.2819534540176392
2000-06-30,1.3791269063949585
2000-07-31,1.3641066551208496
2000-08-31,1.4162184000015259
2000-09-30,1.2890037298202515
2000-10-31,1.348779320716858
2000-11-30,1.1342006921768188
2000-12-31,1.4254150390625
2001-01-31,1.563358187675476
2001-02-28,1.5020495653152466
2001-03-31,1.5173770189285278
2001-04-30,1.4867228269577026
2001-05-31,1.586348533630371
2001-06-30,1.6246662139892578
2001-07-31,1.6185357570648193
2001-08-31,1.572554349899292
2001-09-30,1.548030972480774
2001-10-31,1.6243599653244019
2001-11-30,1.5173770189285278
2001-12-31,1.5940120220184326
2002-01-31,1.569488763809204
2002-02-28,1.891356348991394
2002-03-31,1.9465333223342896
2002-04-30,1.974122405052185
2002-05-31,2.3294034004211426
2002-06-30,2.381821393966675
2002-07-31,2.5442888736724854
2002-08-31,2.299055576324463
2002-09-30,2.6546428203582764
2002-10-31,2.9427921772003174
2002-11-30,3.0654079914093018
2002-12-31,3.1543052196502686
2003-01-31,2.9673142433166504
2003-02-28,3.1880240440368652
2003-03-31,2.7895209789276123
2003-04-30,2.5133278369903564
2003-05-31,2.697558879852295
2003-06-30,2.5749425888061523
2003-07-31,3.1543052196502686
2003-08-31,3.396472215652466
2003-09-30,3.5868330001831055
2003-10-31,3.9850292205810547
2003-11-30,3.954375743865967
2003-12-31,5.195867538452148
2004-01-31,4.7820353507995605
2004-02-29,5.165211200714111
2004-03-31,4.889631271362305
2004-04-30,3.994532823562622
2004-05-31,4.8160624504089355
2004-06-30,4.460169315338135
2004-07-31,5.024204730987549
2004-08-31,5.149885177612305
2004-09-30,5.9039764404296875
2004-10-31,5.609697341918945
2004-11-30,6.124686241149902
2004-12-31,6.943149566650391
2005-01-31,7.283409595489502
2005-02-28,8.32258129119873
2005-03-31,7.816788673400879
2005-04-30,6.299412727355957
2005-05-31,6.432758331298828
2005-06-30,6.372982978820801
2005-07-31,7.21811580657959
2005-08-31,7.458137512207031
2005-09-30,9.104260444641113
2005-10-31,8.56811809539795
2005-11-30,8.800786018371582
2005-12-31,8.782393455505371
2006-01-31,10.409209251403809
2006-02-28,9.554877281188965
2006-03-31,9.711213111877441
2006-04-30,9.841797828674316
2006-05-31,9.69282054901123
2006-06-30,9.615571975708008
2006-07-31,9.297381401062012
2006-08-31,8.460525512695312
2006-09-30,8.616860389709473
2006-10-31,9.95950984954834
2006-11-30,10.983967781066895
2006-12-31,11.715991020202637
2007-01-31,13.07702922821045
2007-02-28,13.336363792419434
2007-03-31,14.033442497253418
2007-04-30,15.449652671813965
2007-05-31,16.005107879638672
2007-06-30,15.850616455078125
2007-07-31,17.06818962097168
2007-08-31,17.83699607849121
2007-09-30,22.788238525390625
2007-10-31,23.910179138183594
2007-11-30,23.064130783081055
2007-12-31,21.817123413085938
2008-01-31,19.065610885620117
2008-02-29,21.578018188476562
2008-03-31,22.25486183166504
2008-04-30,24.31906509399414
2008-05-31,24.270902633666992
2008-06-30,21.266216278076172
2008-07-31,17.53907012939453
2008-08-31,16.105268478393555
2008-09-30,13.54146671295166
2008-10-31,10.80047607421875
2008-11-30,10.47330379486084
2008-12-31,10.534171104431152
2009-01-31,12.364048957824707
2009-02-28,11.743948936462402
2009-03-31,11.793404579162598
2009-04-30,13.929607391357422
2009-05-31,14.6785888671875
2009-06-30,13.319604873657227
2009-07-31,14.304101943969727
2009-08-31,14.161259651184082
2009-09-30,15.902453422546387
2009-10-31,17.48406410217285
2009-11-30,19.13099479675293
2009-12-31,19.380769729614258
2010-01-31,19.08806800842285
2010-02-28,19.689083099365234
2010-03-31,22.303882598876953
2010-04-30,20.870332717895508
2010-05-31,19.65191078186035
2010-06-30,17.156124114990234
2010-07-31,19.082006454467773
2010-08-31,18.425636291503906
2010-09-30,20.55590057373047
2010-10-31,21.066850662231445
2010-11-30,21.051128387451172
2010-12-31,21.74680519104004
2011-01-31,22.555002212524414
2011-02-28,22.246780395507812
2011-03-31,21.081098556518555
2011-04-30,20.71044921875
2011-05-31,20.09461212158203
2011-06-30,19.790693283081055
2011-07-31,20.046621322631836
2011-08-31,18.30620765686035
2011-09-30,17.427671432495117
2011-10-31,17.86080551147461
2011-11-30,17.01905632019043
2011-12-31,16.120088577270508
2012-01-31,18.265338897705078
2012-02-29,17.795429229736328
2012-03-31,17.529827117919922
2012-04-30,17.845335006713867
2012-05-31,15.746623039245605
2012-06-30,16.810644149780273
2012-07-31,15.562307357788086
2012-08-31,14.150595664978027
2012-09-30,15.285828590393066
2012-10-31,15.96470832824707
2012-11-30,16.028654098510742
2012-12-31,18.023712158203125
2013-01-31,17.162599563598633
2013-02-28,16.113910675048828
2013-03-31,14.9757080078125
2013-04-30,14.685568809509277
2013-05-31,13.040990829467773
2013-06-30,12.381444931030273
2013-07-31,13.285109519958496
2013-08-31,14.70698070526123
2013-09-30,14.758376121520996
2013-10-31,15.72059440612793
2013-11-30,15.77336597442627
2013-12-31,15.703003883361816
2014-01-31,14.533306121826172
2014-02-28,14.511320114135742
2014-03-31,13.816530227661133
2014-04-30,13.360834121704102
2014-05-31,12.867997169494629
2014-06-30,13.220667839050293
2014-07-31,14.717263221740723
2014-08-31,13.202584266662598
2014-09-30,12.140048027038574
2014-10-31,11.728014945983887
2014-11-30,10.925817489624023
2014-12-31,10.27843189239502
2015-01-31,8.73033332824707
2015-02-28,9.968811988830566
2015-03-31,8.416023254394531
2015-04-30,10.977907180786133
2015-05-31,9.71774673461914
2015-06-30,8.864720344543457
2015-07-31,8.66115665435791
2015-08-31,8.685389518737793
2015-09-30,8.035923957824707
2015-10-31,8.434685707092285
2015-11-30,6.511420249938965
2015-12-31,6.442202568054199
2016-01-31,4.805696487426758
2016-02-29,5.839017391204834
2016-03-31,7.490356922149658
2016-04-30,9.734992980957031
2016-05-31,7.030555248260498
2016-06-30,8.044099807739258
2016-07-31,9.146642684936523
2016-08-31,8.375358581542969
2016-09-30,8.805498123168945
2016-10-31,10.91663932800293
2016-11-30,13.873231887817383
2016-12-31,12.771124839782715
2017-01-31,16.003692626953125
2017-02-28,16.272245407104492
2017-03-31,14.815099716186523
2017-04-30,14.117079734802246
2017-05-31,13.962911605834961
2017-06-30,14.903363227844238
2017-07-31,16.08535385131836
2017-08-31,18.02793312072754
2017-09-30,16.37828254699707
2017-10-31,16.49648094177246
2017-11-30,18.05876350402832
2017-12-31,20.91098976135254
2018-01-31,21.52907371520996
2018-02-28,23.398910522460938
2018-03-31,22.172882080078125
2018-04-30,25.566314697265625
2018-05-31,26.59589958190918
2018-06-30,26.049591064453125
2018-07-31,28.80740737915039
2018-08-31,28.9783992767334
2018-09-30,32.329132080078125
2018-10-31,30.64835548400879
2018-11-30,28.535240173339844
2018-12-31,27.562450408935547
2019-01-31,24.59002685546875
2019-02-28,25.454727172851562
2019-03-31,27.52461814880371
2019-04-30,27.076053619384766
2019-05-31,26.481569290161133
2019-06-30,28.005613327026367
2019-07-31,26.919322967529297
2019-08-31,24.62785530090332
2019-09-30,25.806015014648438
2019-10-31,25.508777618408203
2019-11-30,27.011199951171875
2019-12-31,29.56875228881836
2020-01-31,27.887828826904297
2020-02-29,24.581457138061523
2020-03-31,23.97677230834961
2020-04-30,24.886577606201172
2020-05-31,29.40233039855957
2020-06-30,31.022228240966797
2020-07-31,33.67953872680664
2020-08-31,33.108131408691406
2020-09-30,34.16270446777344
2020-10-31,34.99494552612305
2020-11-30,45.080204010009766
2020-12-31,50.541831970214844
2021-01-31,50.830810546875
2021-02-28,54.627952575683594
2021-03-31,59.17270278930664
2021-04-30,65.84676361083984
2021-05-31,69.32573699951172
2021-06-30,69.75243377685547
2021-07-31,66.98698425292969
2021-08-31,60.77854919433594
2021-09-30,51.835205078125
2021-10-31,48.68729019165039
2021-11-30,47.558658599853516
2021-12-31,53.004615783691406
2022-01-31,54.983123779296875
2022-02-28,62.7407112121582
2022-03-31,67.49686431884766
2022-04-30,58.80557632446289
2022-05-31,60.86719512939453
2022-06-30,54.05396270751953
2022-07-31,49.245880126953125
2022-08-31,47.89951705932617
2022-09-30,53.498931884765625
2022-10-31,49.85263442993164
2022-11-30,63.65066909790039
2022-12-31,66.22942352294922
2023-01-31,70.42467498779297
2023-02-28,63.57667922973633
2023-03-31,61.14244842529297
2023-04-30,55.13405990600586
2023-05-31,48.59259796142578
2023-06-30,48.90481948852539
2023-07-31,52.66673278808594
2023-08-31,51.05487823486328
2023-09-30,53.01611328125
2023-10-31,54.130096435546875
2023-11-30,59.72248077392578
2023-12-31,62.431617736816406
2024-01-31,54.797489166259766
2024-02-29,54.17478942871094
2024-03-31,51.39371109008789
2024-04-30,53.47209930419922
2024-05-31,53.396060943603516
2024-06-30,52.56808090209961
2024-07-31,52.06960678100586
2024-08-31,52.17647933959961
2024-09-30,55.618133544921875
2024-10-31,54.34831619262695
2024-11-30,51.475894927978516
2024-12-31,48.19790267944336
2025-01-31,47.86214828491211
2025-02-28,48.72803497314453
2025-03-31,52.05281066894531
2025-04-30,48.52754211425781
2025-05-31,47.829830169677734
2025-06-30,48.334754943847656
2025-07-31,49.078365325927734
2025-08-31,52.79607009887695
2025-09-30,54.715579986572266
2025-10-31,62.013526916503906
2025-11-30,64.04706573486328
2025-12-31,71.95999908447266
2026-01-31,84.31999969482422
2026-02-28,88.47000122070312
2026-03-31,82.4800033569336
2026-04-30,81.18000030517578
2026-05-31,82.81999969482422
2026-06-30,77.87999725341797
2026-07-31,76.27999877929688
2026-08-31,76.30999755859375
