Data,PIB
1990-02-01,36937.0
1990-03-01,37177.0
1990-04-01,33833.0
1990-05-01,38343.0
1990-06-01,39533.0
1990-07-01,40227.0
1990-08-01,42868.0
1990-09-01,42315.0
1990-10-01,42440.0
1990-11-01,41336.0
1990-12-01,36348.0
1991-01-01,30451.0
1991-02-01,29244.0
1991-03-01,29646.0
1991-04-01,32828.0
1991-05-01,34587.0
1991-06-01,35085.0
1991-07-01,36544.0
1991-08-01,37802.0
1991-09-01,35901.0
1991-10-01,36887.0
1991-11-01,35081.0
1991-12-01,31623.0
1992-01-01,29634.0
1992-02-01,30318.0
1992-03-01,30894.0
1992-04-01,31137.0
1992-05-01,32212.0
1992-06-01,32871.0
1992-07-01,33731.0
1992-08-01,33627.0
1992-09-01,33553.0
1992-10-01,33842.0
1992-11-01,33843.0
1992-12-01,31633.0
1993-01-01,32222.0
1993-02-01,31898.0
1993-03-01,35245.0
1993-04-01,35410.0
1993-05-01,36082.0
1993-06-01,36143.0
1993-07-01,37284.0
1993-08-01,37890.0
1993-09-01,37695.0
1993-10-01,37272.0
1993-11-01,37313.0
1993-12-01,35231.0
1994-01-01,40458.0
1994-02-01,39323.0
1994-03-01,43535.0
1994-04-01,42333.0
1994-05-01,44223.0
1994-06-01,44936.0
1994-07-01,45478.0
1994-08-01,48555.0
1994-09-01,48904.0
1994-10-01,49287.0
1994-11-01,49009.0
1994-12-01,47047.0
1995-01-01,60958.0
1995-02-01,59644.0
1995-03-01,65544.0
1995-04-01,63804.0
1995-05-01,63969.0
1995-06-01,64778.0
1995-07-01,65213.0
1995-08-01,66337.0
1995-09-01,66232.0
1995-10-01,65997.0
1995-11-01,66320.0
1995-12-01,61939.0
1996-01-01,64694.0
1996-02-01,65289.0
1996-03-01,69253.0
1996-04-01,68013.0
1996-05-01,70510.0
1996-06-01,69222.0
1996-07-01,74083.0
1996-08-01,75794.0
1996-09-01,74592.0
1996-10-01,75498.0
1996-11-01,73958.0
1996-12-01,70112.0
1997-01-01,69104.0
1997-02-01,67725.0
1997-03-01,71214.0
1997-04-01,71602.0
1997-05-01,73359.0
1997-06-01,73444.0
1997-07-01,75273.0
1997-08-01,76606.0
1997-09-01,77267.0
1997-10-01,80426.0
1997-11-01,76483.0
1997-12-01,70778.0
1998-01-01,67416.0
1998-02-01,65887.0
1998-03-01,71405.0
1998-04-01,70920.0
1998-05-01,73174.0
1998-06-01,72093.0
1998-07-01,74549.0
1998-08-01,75122.0
1998-09-01,74594.0
1998-10-01,75723.0
1998-11-01,73784.0
1998-12-01,69205.0
1999-01-01,46251.0
1999-02-01,45384.0
1999-03-01,50079.0
1999-04-01,49165.0
1999-05-01,49563.0
1999-06-01,49813.0
1999-07-01,50400.0
1999-08-01,51852.0
1999-09-01,51863.0
1999-10-01,52678.0
1999-11-01,52188.0
1999-12-01,50054.0
2000-01-01,49367.0
2000-02-01,51269.0
2000-03-01,54284.0
2000-04-01,52099.0
2000-05-01,54569.0
2000-06-01,55104.0
2000-07-01,55853.0
2000-08-01,57258.0
2000-09-01,55947.0
2000-10-01,58193.0
2000-11-01,57145.0
2000-12-01,54620.0
2001-01-01,44006.0
2001-02-01,44227.0
2001-03-01,47483.0
2001-04-01,46705.0
2001-05-01,48304.0
2001-06-01,45024.0
2001-07-01,47259.0
2001-08-01,48406.0
2001-09-01,47122.0
2001-10-01,48468.0
2001-11-01,47790.0
2001-12-01,44767.0
2002-01-01,38931.0
2002-02-01,38954.0
2002-03-01,41824.0
2002-04-01,42076.0
2002-05-01,42426.0
2002-06-01,41359.0
2002-07-01,43213.0
2002-08-01,44146.0
2002-09-01,43665.0
2002-10-01,45256.0
2002-11-01,44313.0
2002-12-01,41939.0
2003-01-01,36234.0
2003-02-01,36261.0
2003-03-01,40303.0
2003-04-01,44825.0
2003-05-01,46993.0
2003-06-01,47460.0
2003-07-01,49845.0
2003-08-01,47745.0
2003-09-01,51113.0
2003-10-01,55021.0
2003-11-01,52851.0
2003-12-01,50814.0
2004-01-01,49795.0
2004-02-01,48227.0
2004-03-01,55204.0
2004-04-01,54684.0
2004-05-01,51591.0
2004-06-01,51909.0
2004-07-01,55343.0
2004-08-01,55908.0
2004-09-01,58358.0
2004-10-01,61004.0
2004-11-01,63718.0
2004-12-01,63598.0
2005-01-01,59732.0
2005-02-01,61217.0
2005-03-01,65406.0
2005-04-01,68475.0
2005-05-01,72056.0
2005-06-01,73777.0
2005-07-01,75918.0
2005-08-01,78460.0
2005-09-01,79783.0
2005-10-01,84897.0
2005-11-01,88280.0
2005-12-01,84031.0
2006-01-01,79580.0
2006-02-01,81620.0
2006-03-01,90691.0
2006-04-01,88453.0
2006-05-01,91180.0
2006-06-01,86562.0
2006-07-01,92957.0
2006-08-01,96875.0
2006-09-01,94807.0
2006-10-01,101962.0
2006-11-01,102372.0
2006-12-01,100073.0
2007-01-01,96483.0
2007-02-01,95919.0
2007-03-01,106528.0
2007-04-01,107315.0
2007-05-01,114273.0
2007-06-01,115387.0
2007-07-01,121839.0
2007-08-01,118078.0
2007-09-01,118494.0
2007-10-01,135121.0
2007-11-01,135997.0
2007-12-01,131363.0
2008-01-01,129542.0
2008-02-01,132413.0
2008-03-01,142643.0
2008-04-01,147551.0
2008-05-01,151457.0
2008-06-01,158161.0
2008-07-01,167386.0
2008-08-01,163440.0
2008-09-01,148640.0
2008-10-01,128515.0
2008-11-01,117635.0
2008-12-01,105764.0
2009-01-01,103864.0
2009-02-01,102644.0
2009-03-01,113746.0
2009-04-01,116935.0
2009-05-01,127734.0
2009-06-01,135896.0
2009-07-01,142852.0
2009-08-01,150357.0
2009-09-01,156088.0
2009-10-01,175131.0
2009-11-01,176002.0
2009-12-01,171375.0
2010-01-01,158338.0
2010-02-01,152790.0
2010-03-01,177535.0
2010-04-01,176815.0
2010-05-01,173905.0
2010-06-01,175094.0
2010-07-01,185898.0
2010-08-01,189074.0
2010-09-01,196168.0
2010-10-01,208810.0
2010-11-01,209548.0
2010-12-01,205775.0
2011-01-01,195734.0
2011-02-01,199273.0
2011-03-01,214896.0
2011-04-01,223390.0
2011-05-01,228031.0
2011-06-01,228974.0
2011-07-01,234562.0
2011-08-01,234381.0
2011-09-01,211184.0
2011-10-01,216147.0
2011-11-01,218338.0
2011-12-01,209574.0
2012-01-01,203258.0
2012-02-01,213660.0
2012-03-01,221353.0
2012-04-01,207866.0
2012-05-01,202170.0
2012-06-01,192762.0
2012-07-01,201401.0
2012-08-01,206089.0
2012-09-01,198270.0
2012-10-01,212173.0
2012-11-01,205908.0
2012-12-01,198638.0
2013-01-01,200764.0
2013-02-01,201118.0
2013-03-01,218464.0
2013-04-01,222238.0
2013-05-01,216116.0
2013-06-01,199374.0
2013-07-01,200285.0
2013-08-01,193139.0
2013-09-01,196654.0
2013-10-01,216836.0
2013-11-01,204516.0
2013-12-01,198953.0
2014-01-01,190156.0
2014-02-01,191060.0
2014-03-01,205168.0
2014-04-01,214876.0
2014-05-01,216673.0
2014-06-01,206236.0
2014-07-01,218576.0
2014-08-01,212817.0
2014-09-01,209913.0
2014-10-01,206859.0
2014-11-01,194312.0
2014-12-01,188199.0
2015-01-01,177999.0
2015-02-01,163971.0
2015-03-01,161724.0
2015-04-01,160806.0
2015-05-01,158040.0
2015-06-01,155254.0
2015-07-01,154661.0
2015-08-01,140199.0
2015-09-01,125901.0
2015-10-01,131987.0
2015-11-01,134033.0
2015-12-01,131593.0
2016-01-01,117572.0
2016-02-01,121978.0
2016-03-01,140995.0
2016-04-01,144664.0
2016-05-01,144730.0
2016-06-01,151561.0
2016-07-01,158516.0
2016-08-01,164431.0
2016-09-01,160635.0
2016-10-01,168670.0
2016-11-01,162977.0
2016-12-01,163403.0
2017-01-01,160728.0
2017-02-01,164670.0
2017-03-01,179351.0
2017-04-01,171625.0
2017-05-01,171429.0
2017-06-01,165033.0
2017-07-01,171188.0
2017-08-01,176489.0
2017-09-01,173649.0
2017-10-01,177859.0
2017-11-01,175885.0
2017-12-01,175278.0
2018-01-01,171487.0
2018-02-01,166067.0
2018-03-01,178679.0
2018-04-01,171381.0
2018-05-01,153607.0
2018-06-01,154133.0
2018-07-01,153820.0
2018-08-01,151532.0
2018-09-01,139366.0
2018-10-01,162013.0
2018-11-01,159854.0
2018-12-01,154274.0
2019-01-01,154143.0
2019-02-01,155136.0
2019-03-01,156550.0
2019-04-01,157403.0
2019-05-01,154085.0
2019-06-01,155118.0
2019-07-01,167461.0
2019-08-01,156873.0
2019-09-01,149838.0
2019-10-01,158410.0
2019-11-01,153121.0
2019-12-01,154662.0
2020-01-01,147172.0
2020-02-01,141607.0
2020-03-01,128998.0
2020-04-01,105921.0
2020-05-01,101147.0
2020-06-01,115789.0
2020-07-01,120811.0
2020-08-01,115613.0
2020-09-01,118874.0
2020-10-01,118743.0
2020-11-01,124534.0
2020-12-01,136319.0
2021-01-01,126145.0
2021-02-01,130264.0
2021-03-01,135957.0
2021-04-01,132610.0
2021-05-01,137929.0
2021-06-01,145995.0
2021-07-01,148550.0
2021-08-01,146271.0
2021-09-01,144555.0
2021-10-01,139492.0
2021-11-01,141872.0
2021-12-01,140854.0
2022-01-01,130525.0
2022-02-01,145086.0
2022-03-01,169290.0
2022-04-01,174726.0
2022-05-01,169416.0
2022-06-01,166676.0
2022-07-01,161467.0
2022-08-01,169491.0
2022-09-01,163483.0
2022-10-01,167124.0
2022-11-01,166680.0
2022-12-01,167610.0
2023-01-01,155520.0
2023-02-01,160454.0
2023-03-01,180006.0
2023-04-01,181179.0
2023-05-01,182673.0
2023-06-01,186458.0
2023-07-01,191678.0
2023-08-01,189998.0
2023-09-01,185236.0
2023-10-01,187878.0
2023-11-01,196066.0
2023-12-01,193846.0
2024-01-01,181176.0
2024-02-01,181626.0
2024-03-01,194216.0
2024-04-01,193091.0
2024-05-01,187646.0
2024-06-01,180735.0
2024-07-01,183230.0
2024-08-01,180360.0
2024-09-01,178837.0
2024-10-01,185282.0
2024-11-01,175098.0
2024-12-01,163524.0
2025-01-01,158610.0
2025-02-01,172228.0
2025-03-01,186144.0
2025-04-01,187662.0
2025-05-01,187021.0
2025-06-01,189079.0
2025-07-01,197637.0
2025-08-01,195392.0
2025-09-01,200038.0
2025-10-01,205622.0
2025-11-01,202739.0
2025-12-01,198721.0
2026-01-01,192348.0
2026-02-01,201926.0
2026-03-01,223909.0
2026-04-01,229361.0
2026-05-01,228141.0
2026-06-01,221267.0
